Stock Symbol,Company Name,Industry,Market Cap,Revenue Growth,EPS,P/E Ratio,Return on Equity (ROE),Debt-to-Equity Ratio,Operating Cash Flow,Free Cash Flow,Latest Close Price
MMM,3M Company,Conglomerates,82107334656.0,0.004,7.26,20.964186,1.1329399,295.441,1987000064.0,3131124992.0,152.1999969482422
AOS,A. O. Smith Corporation,Specialty Industrial Machinery,9758164992.0,-0.037,3.63,18.539946,0.29544002,7.471,591200000.0,403024992.0,67.30000305175781
ABT,Abbott Laboratories,Medical Devices,221889478656.0,0.049,7.64,16.744764,0.14840001,37.589,8728000512.0,6404874752.0,127.93000030517578
ABBV,AbbVie Inc.,Drug Manufacturers - General,324977033216.0,0.038,2.39,76.9456,0.56407,1174.815,16510999552.0,17738999808.0,183.89999389648438
ACN,Accenture plc,Information Technology Services,240778526720.0,0.026,11.93,32.267395,0.26674998,14.127,9131027456.0,7641968128.0,384.95001220703125
ADBE,Adobe Inc.,Software - Infrastructure,190421991424.0,0.106,12.38,35.33522,0.35355,41.788,6732000256.0,6618500096.0,437.45001220703125
AMD,"Advanced Micro Devices, Inc.",Semiconductors,188164816896.0,0.176,1.12,103.52678,0.03262,3.927,2123000064.0,2221374976.0,115.94999694824219
AES,The AES Corporation,Utilities - Diversified,7821297152.0,-0.042,1.44,7.6388884,-0.02549,352.879,2388999936.0,-8318249984.0,11.0
AFL,Aflac Incorporated,Insurance - Life,59652595712.0,-0.404,6.73,15.955423,0.16038,50.141,2956000000.0,2892499968.0,107.37999725341797
A,"Agilent Technologies, Inc.",,43227140096.0,,,34.280544,,,,,151.52000427246094
APD,"Air Products and Chemicals, Inc.",Specialty Chemicals,74554785792.0,-0.001,17.23,19.457924,0.2258,79.822,3646700032.0,-3224012544.0,335.260009765625
ABNB,"Airbnb, Inc.",Travel Services,81951334400.0,0.099,2.89,45.387543,0.20873,26.614,4115000064.0,3363000064.0,131.1699981689453
AKAM,"Akamai Technologies, Inc.",Software - Infrastructure,15007678464.0,0.041,3.38,29.556213,0.11541,96.999,1564576000.0,682680000.0,99.9000015258789
ALB,Albemarle Corporation,Specialty Chemicals,9895693312.0,-0.414,-16.76,,-0.17662,35.334,603174976.0,-1791566336.0,84.19000244140625
ARE,"Alexandria Real Estate Equities, Inc.",REIT - Office,16850505728.0,0.109,1.8,54.083332,0.02132,58.757,1658962944.0,1365915392.0,97.3499984741211
ALGN,"Align Technology, Inc.",Medical Instruments & Supplies,16357241856.0,0.018,5.85,37.4547,0.11401,3.235,499051008.0,413269120.0,219.11000061035156
ALLE,Allegion plc,Security & Protection Services,11538124800.0,0.054,6.5,20.42,0.40822,162.864,675500032.0,483849984.0,132.72999572753906
LNT,Alliant Energy Corporation,Utilities - Regulated Electric,15108549632.0,0.004,2.57,22.910507,0.096540004,153.258,1158000000.0,-1098125056.0,58.880001068115234
ALL,The Allstate Corporation,Insurance - Property & Casualty,50929561600.0,0.147,15.46,12.440492,0.23783001,38.833,8450999808.0,2982249984.0,192.3300018310547
GOOGL,Alphabet Inc.,Internet Content & Information,2506161389568.0,0.151,7.55,27.022516,0.32101002,9.324,105101000704.0,41104498688.0,204.02000427246094
GOOG,Alphabet Inc.,Internet Content & Information,2506161389568.0,0.151,7.55,27.231789,0.32101002,9.324,105101000704.0,41104498688.0,205.60000610351562
MO,"Altria Group, Inc.",Tobacco,88302649344.0,0.013,6.54,7.9862385,,,8640000000.0,4325499904.0,52.22999954223633
AMZN,"Amazon.com, Inc.",Internet Retail,2499205136384.0,0.11,4.68,50.786324,0.22558,61.175,112706002944.0,54328250368.0,237.67999267578125
AMCR,Amcor plc,Packaging & Containers,14048705536.0,-0.026,0.53,18.339624,0.1958,196.619,1187000064.0,511750016.0,9.720000267028809
AEE,Ameren Corporation,Utilities - Regulated Electric,25144616960.0,0.056,4.25,22.164705,0.09838,152.976,2479000064.0,-2085374976.0,94.19999694824219
AEP,"American Electric Power Company, Inc.",Utilities - Regulated Electric,52383092736.0,0.015,4.96,19.830645,0.10182,165.878,6413400064.0,-1226174976.0,98.36000061035156
AXP,American Express Company,Credit Services,222849908736.0,0.08,14.0,22.675001,0.3469,186.815,15041000448.0,,317.45001220703125
AIG,"American International Group, Inc.",Insurance - Diversified,45946826752.0,-0.086,5.03,14.644135,0.085,22.306,4767000064.0,23808874496.0,73.66000366210938
AMT,American Tower Corporation,REIT - Specialty,86425100288.0,,4.14,44.673912,0.17691,439.338,5233399808.0,4893250048.0,184.9499969482422
AWK,"American Water Works Company, Inc.",Utilities - Regulated Water,24291588096.0,0.134,5.04,24.730158,0.097040005,129.608,1932999936.0,-1103874944.0,124.63999938964844
AMP,"Ameriprise Financial, Inc.",Asset Management,52271230976.0,0.119,24.72,21.980583,0.56751,67.402,8354999808.0,4073125120.0,543.3599853515625
AME,"AMETEK, Inc.",Specialty Industrial Machinery,42690203648.0,0.053,5.74,32.153313,0.14886,26.778,1819489024.0,1273526272.0,184.55999755859375
AMGN,Amgen Inc.,Drug Manufacturers - General,153422675968.0,0.232,7.82,36.498722,0.5572,802.418,7256999936.0,4574875136.0,285.4200134277344
APH,Amphenol Corporation,Electronic Components,85333073920.0,0.262,1.92,36.864582,0.25293,57.565,2809400064.0,1660737536.0,70.77999877929688
ADI,"Analog Devices, Inc.",Semiconductors,105128370176.0,-0.248,3.28,64.60061,0.04658,23.07,3989006080.0,2862019584.0,211.88999938964844
ANSS,"ANSYS, Inc.",Software - Application,30651224064.0,0.312,6.48,54.089504,0.10479999,14.888,770489024.0,732716608.0,350.5
AON,Aon plc,Insurance Brokers,80097124352.0,0.26,12.5,29.6656,0.82182,274.699,3096000000.0,3086500096.0,370.82000732421875
APA,APA Corporation,Oil & Gas E&P,8112937984.0,0.104,7.04,3.115057,0.6186,105.032,3614000128.0,786875008.0,21.93000030517578
APO,"Apollo Global Management, Inc.",Asset Management,96743219200.0,2.851,9.47,18.054909,0.33501,92.115,5320999936.0,,170.97999572753906
AAPL,Apple Inc.,Consumer Electronics,3545215795200.0,0.061,6.3,37.460316,1.5741299,209.059,118254002176.0,110846001152.0,236.0
AMAT,"Applied Materials, Inc.",Semiconductor Equipment & Materials,146570625024.0,0.055,8.6,20.97093,0.4391,35.409,7656999936.0,4395624960.0,180.35000610351562
APTV,Aptiv PLC,Auto Parts,14670946304.0,-0.051,8.98,6.9510026,0.24212,109.665,2010000000.0,1054374976.0,62.41999816894531
ACGL,Arch Capital Group Ltd.,Insurance - Diversified,35016843264.0,0.418,14.9,6.246309,0.30441,12.243,6765000192.0,6641249792.0,93.06999969482422
ADM,Archer-Daniels-Midland Company,Farm Products,24515297280.0,-0.117,3.56,14.39045,0.1075,52.874,4728999936.0,2144875008.0,51.22999954223633
ANET,Arista Networks Inc,Computer Hardware,145162141696.0,0.2,2.09,55.133976,0.33833998,0.755,3203736064.0,2425385728.0,115.2300033569336
AJG,Arthur J. Gallagher & Co.,Insurance Brokers,75395547136.0,0.119,6.49,46.505394,0.10321999,70.273,2537200128.0,2754050048.0,301.82000732421875
AIZ,"Assurant, Inc.",Insurance - Property & Casualty,11036535808.0,0.07,14.01,15.359743,0.15215,39.627,1592499968.0,1712562560.0,215.19000244140625
T,AT&T Inc.,Telecom Services,170286481408.0,-0.005,1.49,15.926174,0.08759,125.151,38252998656.0,17564999680.0,23.729999542236328
ATO,Atmos Energy Corporation,Utilities - Regulated Gas,22149187584.0,0.059,6.83,20.8653,0.090179995,64.648,1641298944.0,-1562511872.0,142.50999450683594
ADSK,"Autodesk, Inc.",Software - Application,67096567808.0,0.119,5.04,61.773808,0.57445997,105.214,1160999936.0,1633500032.0,311.3399963378906
ADP,"Automatic Data Processing, Inc.",Software - Application,123285987328.0,0.071,9.58,31.629438,0.87263,176.65,4655499776.0,2609362432.0,303.010009765625
AZO,"AutoZone, Inc.",Specialty Retail,56223895552.0,0.09,149.42,22.421429,,,3004115968.0,1330651264.0,3350.2099609375
AVB,"AvalonBay Communities, Inc.",REIT - Residential,31506915328.0,0.094,7.31,30.302324,0.08808,71.946,1625251968.0,1027322368.0,221.50999450683594
AVY,Avery Dennison Corporation,Packaging & Containers,14922736640.0,0.041,8.73,21.274914,0.30241,131.956,899500032.0,670400000.0,185.72999572753906
AXON,"Axon Enterprise, Inc.",Aerospace & Defense,49731854336.0,0.317,3.85,169.3974,0.16424,34.832,298184000.0,236380496.0,652.1799926757812
BKR,Baker Hughes Company,Oil & Gas Equipment & Services,45696311296.0,0.04,2.98,15.496644,0.14292,36.933,3073999872.0,698625024.0,46.18000030517578
BALL,Ball Corporation,Packaging & Containers,16622327808.0,-0.009,2.4,23.208332,0.14048,90.836,351000000.0,754374976.0,55.70000076293945
BAC,Bank of America Corporation,Banks - Diversified,352382812160.0,-0.005,3.21,14.423676,0.08092,,-1995000064.0,,46.29999923706055
BAX,Baxter International Inc.,Medical Instruments & Supplies,16624745472.0,0.038,0.25,130.24,0.01627,166.129,1062000000.0,102375000.0,32.560001373291016
BDX,"Becton, Dickinson and Company",Medical Instruments & Supplies,71805984768.0,0.069,5.87,42.18058,0.05633,77.612,3944000000.0,4431000064.0,247.60000610351562
BRK.B,,,,,,,,,,,
BBY,"Best Buy Co., Inc.",Specialty Retail,18356525056.0,-0.031,5.84,14.702055,0.4241,131.896,2106000000.0,1411750016.0,85.86000061035156
TECH,Bio-Techne Corporation,Biotechnology,11686507520.0,0.045,0.95,77.42106,0.07287,18.653,303487008.0,232410496.0,73.55000305175781
BIIB,Biogen Inc.,Drug Manufacturers - General,20973336576.0,-0.025,11.05,13.025338,0.1047,40.656,2127100032.0,2030687488.0,143.92999267578125
BLK,"BlackRock, Inc.",Asset Management,166572376064.0,0.149,42.05,25.576694,0.1505,32.503,4336000000.0,5049500160.0,1075.5
BX,Blackstone Inc.,Asset Management,216281432064.0,0.541,3.61,49.060944,0.22041,65.956,4215944960.0,,177.11000061035156
BK,The Bank of New York Mellon Corporation,Banks - Diversified,61670244352.0,0.047,5.8,14.815516,0.08563,,-2931000064.0,,85.93000030517578
BA,The Boeing Company,Aerospace & Defense,132251615232.0,-0.015,-18.36,,,,-5248999936.0,-4186625024.0,176.52000427246094
BKNG,Booking Holdings Inc.,Travel Services,156797599744.0,0.089,147.81,32.05169,,,8947999744.0,7527875072.0,4737.56005859375
BWA,BorgWarner Inc.,Auto Parts,6976529920.0,-0.048,4.04,7.8960395,0.15923999,74.606,1540999936.0,621000000.0,31.899999618530273
BSX,Boston Scientific Corporation,Medical Devices,150861234176.0,0.193,1.21,84.59504,0.08916,53.722,2936000000.0,1804875008.0,102.36000061035156
BMY,Bristol-Myers Squibb Company,Drug Manufacturers - General,119561207808.0,0.084,-3.58,,-0.3133,299.052,15002999808.0,17518125056.0,58.95000076293945
AVGO,Broadcom Inc.,Semiconductors,1037172146176.0,0.164,1.28,172.86719,0.12509,166.032,19185999872.0,25984124928.0,221.27000427246094
BR,"Broadridge Financial Solutions, Inc.",Information Technology Services,27876265984.0,-0.006,6.38,37.33856,0.31812,172.353,992700032.0,1076099968.0,238.22000122070312
BRO,"Brown & Brown, Inc.",Insurance Brokers,29928366080.0,0.099,3.46,30.248556,0.18144,58.92,1118499968.0,760512512.0,104.66000366210938
BF.B,,,,,,,,,,,
BLDR,"Builders FirstSource, Inc.",Building Products & Equipment,19251419136.0,-0.067,10.24,16.335938,0.27435,97.541,2110928000.0,1511692800.0,167.27999877929688
BG,Bunge Global SA,Farm Products,10629804032.0,-0.093,7.89,9.648923,0.10922,63.434,2295000064.0,979875008.0,76.12999725341797
BXP,"BXP, Inc.",REIT - Office,12904675328.0,0.037,2.3,31.800001,0.058280002,205.408,1237902976.0,1028967104.0,73.13999938964844
CHRW,"C.H. Robinson Worldwide, Inc.",Integrated Freight & Logistics,11760215040.0,0.07,3.86,25.774612,0.22818,116.88,288484992.0,117191624.0,99.48999786376953
CDNS,"Cadence Design Systems, Inc.",Software - Application,81626152960.0,0.188,3.81,78.115486,0.27072,61.911,1091282944.0,939971904.0,297.6199951171875
CZR,"Caesars Entertainment, Inc.",Resorts & Casinos,7659904000.0,-0.04,-1.68,,-0.063769996,599.43,1274000000.0,-217750000.0,36.04999923706055
CPT,Camden Property Trust,REIT - Residential,12130696192.0,-0.005,3.17,35.870663,0.07229,71.778,814499008.0,714346880.0,113.70999908447266
CPB,The Campbell's Company,Packaged Foods,11557685248.0,0.109,1.83,21.185793,0.15203,198.683,1184999936.0,576750016.0,38.77000045776367
COF,Capital One Financial Corporation,Credit Services,77660372992.0,0.064,11.57,17.606743,0.07479,,22811000832.0,,203.7100067138672
CAH,"Cardinal Health, Inc.",Medical Distribution,29872300032.0,-0.043,5.37,23.027935,,,1587000064.0,1906249984.0,123.66000366210938
KMX,"CarMax, Inc.",Auto & Truck Dealerships,13171431424.0,-0.002,2.94,29.129251,0.06853,314.637,1021150976.0,894939136.0,85.63999938964844
CCL,Carnival Corporation & plc,Travel Services,37406797824.0,0.152,1.44,19.215277,0.20120001,352.355,5934000128.0,-506249984.0,27.670000076293945
CARR,Carrier Global Corporation,Building Products & Equipment,58660700160.0,0.213,1.7,38.45882,0.13931,85.607,1492999936.0,1345374976.0,65.37999725341797
CAT,Caterpillar Inc.,Farm & Heavy Construction Machinery,179331973120.0,-0.042,22.06,16.837715,0.53475,195.336,12645000192.0,6985500160.0,371.44000244140625
CBOE,"Cboe Global Markets, Inc.",Financial Data & Stock Exchanges,21390489600.0,0.162,7.34,27.837873,0.19518,38.137,1622000000.0,751675008.0,204.3300018310547
CBRE,"CBRE Group, Inc.",Real Estate Services,44293046272.0,0.148,3.08,46.99351,0.11434,73.116,1220999936.0,916257024.0,144.74000549316406
CDW,CDW Corporation,Information Technology Services,26538192896.0,-0.02,8.18,24.344742,0.53360003,278.653,1468499968.0,1234537472.0,199.13999938964844
CE,Celanese Corporation,Chemicals,7765524480.0,-0.028,10.04,7.0756974,0.15095,172.83,1302000000.0,632499968.0,71.04000091552734
COR,"Cencora, Inc.",Medical Distribution,49280135168.0,0.147,7.52,33.804523,2.0911798,557.753,3484685056.0,3828519168.0,254.2100067138672
CNC,Centene Corporation,Healthcare Plans,32326504448.0,0.061,5.79,11.058722,0.11559,64.231,958000000.0,1001500032.0,64.02999877929688
CNP,"CenterPoint Energy, Inc.",Utilities - Regulated Electric,21226747904.0,-0.002,1.5,21.713333,0.09573,188.828,2058000000.0,-1512749952.0,32.56999969482422
CF,"CF Industries Holdings, Inc.",Agricultural Inputs,16046384128.0,0.076,6.31,14.613312,0.1792,42.006,2331000064.0,1528625024.0,92.20999908447266
CRL,"Charles River Laboratories International, Inc.",Diagnostics & Research,8425200128.0,-0.016,8.01,20.569286,0.11924,72.176,796158016.0,495273760.0,164.75999450683594
SCHW,The Charles Schwab Corporation,Capital Markets,151423926272.0,0.052,2.99,27.665552,0.12111,144.242,33533999104.0,,82.72000122070312
CHTR,"Charter Communications, Inc.",Telecom Services,49041612800.0,0.016,34.96,9.882437,0.32965,533.472,14824999936.0,3804124928.0,345.489990234375
CVX,Chevron Corporation,Oil & Gas Integrated,261828460544.0,-0.064,9.73,15.332992,0.103520006,16.456,35230998528.0,13861250048.0,149.19000244140625
CMG,"Chipotle Mexican Grill, Inc.",Restaurants,79507120128.0,0.13,1.08,54.027775,0.45673,124.061,1843764992.0,878918528.0,58.349998474121094
CB,Chubb Limited,Insurance - Property & Casualty,108943409152.0,0.078,22.51,12.078188,0.16125,31.706,14803000320.0,13009625088.0,271.8800048828125
CHD,"Church & Dwight Co., Inc.",Household & Personal Products,25852188672.0,0.038,2.37,44.52321,0.13338,57.536,1099399936.0,671625024.0,105.5199966430664
CI,The Cigna Group,Healthcare Plans,80551460864.0,0.28,12.12,24.274752,0.07606,80.15,6617999872.0,-3041999872.0,294.2099914550781
CINF,Cincinnati Financial Corporation,Insurance - Property & Casualty,21422972928.0,0.833,19.46,7.042652,0.25135002,6.331,2584000000.0,3040124928.0,137.0500030517578
CTAS,Cintas Corporation,Specialty Business Services,80938819584.0,0.068,4.15,48.33012,0.40462002,70.573,2209568000.0,1597249152.0,200.57000732421875
CSCO,"Cisco Systems, Inc.",Communication Equipment,241355243520.0,-0.056,2.33,26.008583,0.20761,70.647,12170000384.0,12193874944.0,60.599998474121094
C,Citigroup Inc.,Banks - Diversified,152852250624.0,-0.024,5.95,13.685715,0.03874,,-49130999808.0,,81.43000030517578
CFG,"Citizens Financial Group, Inc.",Banks - Regional,20956631040.0,-0.061,3.03,15.69967,0.05426,,2188000000.0,,47.56999969482422
CLX,The Clorox Company,Household & Personal Products,19641567232.0,0.271,2.87,55.2892,2.08451,1287.5,896000000.0,533375008.0,158.67999267578125
CME,CME Group Inc.,Financial Data & Stock Exchanges,85232820224.0,0.185,9.51,24.870663,0.12297,13.621,3716900096.0,2513037568.0,236.52000427246094
CMS,CMS Energy Corporation,Utilities - Regulated Electric,19719809024.0,0.042,3.5,18.857143,0.11501,187.096,2372000000.0,-620000000.0,66.0
KO,The Coca-Cola Company,Beverages - Non-Alcoholic,273459150848.0,-0.008,2.41,26.340248,0.3723,167.358,5523999744.0,14018875392.0,63.47999954223633
CTSH,Cognizant Technology Solutions Corporation,Information Technology Services,40960020480.0,0.03,4.52,18.276548,0.16478,12.891,1940999936.0,1646249984.0,82.61000061035156
CL,Colgate-Palmolive Company,Household & Personal Products,70834855936.0,0.024,3.51,24.700853,4.87923,1009.091,3974000128.0,2979875072.0,86.69999694824219
CMCSA,Comcast Corporation,Telecom Services,128483590144.0,0.065,4.14,8.130435,0.16884,117.127,25514999808.0,20999000064.0,33.65999984741211
CAG,"Conagra Brands, Inc.",Packaged Foods,12357814272.0,-0.038,1.03,25.135923,0.05605,100.881,1840700032.0,1067000000.0,25.889999389648438
COP,ConocoPhillips,Oil & Gas E&P,127842541568.0,-0.079,8.43,11.723606,0.20376,36.695,20930000896.0,7398750208.0,98.83000183105469
ED,"Consolidated Edison, Inc.",Utilities - Regulated Electric,32476971008.0,0.057,5.32,17.6203,0.08582,120.07,3279000064.0,-1611000064.0,93.73999786376953
STZ,"Constellation Brands, Inc.",Beverages - Brewers,32680685568.0,0.029,3.74,48.342247,0.07111,149.155,3030299904.0,966649984.0,180.8000030517578
CEG,Constellation Energy Corporation,Utilities - Renewable,93845151744.0,0.072,9.06,33.110374,0.22846001,65.003,-4630000128.0,784374976.0,299.9800109863281
COO,"The Cooper Companies, Inc.",Medical Instruments & Supplies,19269740544.0,0.078,1.96,49.260204,0.0465,36.711,615400000.0,148775008.0,96.55000305175781
CPRT,"Copart, Inc.",Specialty Business Services,55817179136.0,0.072,1.43,40.51049,0.20129,1.573,1472563968.0,736320384.0,57.93000030517578
GLW,Corning Incorporated,Electronic Components,44539285504.0,0.069,0.58,89.793106,0.019299999,72.739,2028999936.0,1113874944.0,52.08000183105469
CPAY,"Corpay, Inc.",Software - Infrastructure,26524338176.0,0.06,14.0,27.177856,0.32836,253.558,2008395008.0,846081856.0,380.489990234375
CTVA,"Corteva, Inc.",Agricultural Inputs,44859613184.0,-0.102,0.96,67.98958,0.02704,22.883,2344999936.0,2414749952.0,65.2699966430664
CSGP,"CoStar Group, Inc.",Real Estate Services,31402936320.0,0.109,0.42,182.38095,0.02386,14.763,446500000.0,-144294496.0,76.5999984741211
COST,Costco Wholesale Corporation,Discount Stores,434967773184.0,0.01,17.05,57.47097,0.30267,42.118,11338999808.0,4467500032.0,979.8800048828125
CTRA,Coterra Energy Inc.,Oil & Gas E&P,20414255104.0,-0.05,1.65,16.8,0.095979996,18.111,2928999936.0,994750016.0,27.719999313354492
CRWD,"CrowdStrike Holdings, Inc.",Software - Infrastructure,98049024000.0,0.317,0.52,765.5193,0.07334,27.398,1330402944.0,1209105920.0,398.07000732421875
CCI,Crown Castle Inc.,REIT - Specialty,38800912384.0,-0.009,2.82,31.659575,0.20527,559.592,2934000128.0,1308000000.0,89.27999877929688
CSX,CSX Corporation,Railroads,63387160576.0,0.013,1.79,18.363129,0.29458,147.913,5383000064.0,2439124992.0,32.869998931884766
CMI,Cummins Inc.,Specialty Industrial Machinery,48871088128.0,0.003,15.28,23.31479,0.19375,72.251,1524000000.0,2196124928.0,356.25
CVS,CVS Health Corporation,Healthcare Plans,71074996224.0,0.06,3.94,14.335025,0.06697,110.116,4610999808.0,1957624960.0,56.47999954223633
DHR,Danaher Corporation,Diagnostics & Research,160172343296.0,0.031,5.28,42.185604,0.07586,36.69,6288000000.0,5169750016.0,222.74000549316406
DRI,"Darden Restaurants, Inc.",Restaurants,22871781376.0,0.01,8.75,22.313143,0.48619,326.282,1616000000.0,717574976.0,195.24000549316406
DVA,DaVita Inc.,Medical Care Facilities,14452628480.0,0.046,9.29,18.96663,0.44884,549.552,1959616000.0,1114835072.0,176.1999969482422
DAY,Dayforce Inc,Software - Application,11155697664.0,0.166,0.34,208.05882,0.02194,48.404,290000000.0,134462496.0,70.73999786376953
DECK,Deckers Outdoor Corporation,Footwear & Accessories,26944886784.0,0.201,6.15,28.839024,0.4357,11.633,933756032.0,702529344.0,177.36000061035156
DE,Deere & Company,Farm & Heavy Construction Machinery,129791598592.0,-0.168,25.64,18.586584,0.35481,288.043,9831999488.0,3000000000.0,476.55999755859375
DELL,Dell Technologies Inc.,Computer Hardware,72282243072.0,0.091,5.65,18.336283,,,6067999744.0,3218125056.0,103.5999984741211
DAL,"Delta Air Lines, Inc.",Airlines,43408052224.0,0.012,5.33,12.621013,0.4067,186.78,6675999744.0,9125000.0,67.2699966430664
DVN,Devon Energy Corporation,Oil & Gas E&P,22400288768.0,-0.102,5.4,6.3148146,0.26279,64.021,6672999936.0,-1574249984.0,34.099998474121094
DXCM,"DexCom, Inc.",Medical Devices,33915365376.0,0.02,1.65,52.624245,0.32061002,130.935,821699968.0,353224992.0,86.83000183105469
FANG,"Diamondback Energy, Inc.",Oil & Gas E&P,47991312384.0,0.087,17.32,9.489608,0.122650005,33.574,5696000000.0,-5555375104.0,164.36000061035156
DLR,"Digital Realty Trust, Inc.",REIT - Specialty,55402541056.0,0.016,1.23,133.21951,0.01956,79.825,1954306944.0,1886113536.0,163.86000061035156
DFS,Discover Financial Services,Credit Services,50536128512.0,0.605,17.72,11.348194,0.20263,105.313,,,201.08999633789062
DG,Dollar General Corporation,Discount Stores,15627940864.0,0.042,6.06,11.726072,0.20882,250.873,3317806080.0,1272441088.0,71.05999755859375
DLTR,"Dollar Tree, Inc.",Discount Stores,15773111296.0,0.007,-4.7,,-0.12983,146.319,2763300096.0,372362496.0,73.3499984741211
D,"Dominion Energy, Inc.",Utilities - Regulated Electric,46696157184.0,0.034,2.71,20.512915,0.085030004,156.351,5762999808.0,2667624960.0,55.59000015258789
DPZ,"Domino's Pizza, Inc.",Restaurants,15509011456.0,0.031,16.26,27.621155,,,615612992.0,463394112.0,449.1199951171875
DOV,Dover Corporation,Specialty Industrial Machinery,27943266304.0,0.013,10.08,20.206348,0.2911,59.444,1273246976.0,847857280.0,203.67999267578125
DOW,Dow Inc.,Chemicals,27476086784.0,0.014,1.57,24.87261,0.05863,95.059,3756000000.0,749249984.0,39.04999923706055
DHI,"D.R. Horton, Inc.",Residential Construction,45525630976.0,-0.048,14.13,10.042462,0.19631,22.915,2189799936.0,5300874752.0,141.89999389648438
DTE,DTE Energy Company,Utilities - Regulated Electric,24827267072.0,0.006,7.38,16.243902,0.13638,213.847,3404000000.0,-1521124992.0,119.87999725341797
DUK,Duke Energy Corporation,Utilities - Regulated Electric,86510256128.0,0.02,5.57,20.105923,0.088369995,169.205,11520000000.0,-2398249984.0,111.98999786376953
DD,"DuPont de Nemours, Inc.",Specialty Chemicals,32098945024.0,0.044,1.28,60.000004,0.02187,31.03,1836999936.0,2672750080.0,76.80000305175781
EMN,Eastman Chemical Company,Specialty Chemicals,11479680000.0,0.087,7.67,12.992177,0.15925,90.817,1199000064.0,510500000.0,99.6500015258789
ETN,Eaton Corporation plc,Specialty Industrial Machinery,129009090560.0,0.079,9.5,34.362106,0.20079,52.594,4028000000.0,2547249920.0,326.44000244140625
EBAY,eBay Inc.,Internet Retail,32322922496.0,0.03,3.97,16.997482,0.35851002,145.0,1859000064.0,1521624960.0,67.4800033569336
ECL,Ecolab Inc.,Specialty Chemicals,70844301312.0,0.178,7.13,35.08976,0.25164,103.915,2899699968.0,2079887488.0,250.19000244140625
EIX,Edison International,Utilities - Regulated Electric,20906100736.0,0.106,3.42,15.789474,0.07411,202.126,4698999808.0,-1676499968.0,54.0
EW,Edwards Lifesciences Corporation,Medical Devices,42731008000.0,0.089,2.59,27.972973,0.19139,7.353,806400000.0,1792337536.0,72.44999694824219
EA,Electronic Arts Inc.,Electronic Gaming & Multimedia,32235974656.0,0.058,3.9,31.515385,0.13962,29.954,2198000128.0,1808375040.0,122.91000366210938
ELV,"Elevance Health, Inc.",Healthcare Plans,91771936768.0,0.054,25.68,15.408878,0.15504,61.87,2131000064.0,-1112249984.0,395.70001220703125
EMR,Emerson Electric Co.,Specialty Industrial Machinery,74010550272.0,0.129,2.82,46.081562,0.05933,30.376,3332000000.0,3088750080.0,129.9499969482422
ENPH,"Enphase Energy, Inc.",Solar,8414464512.0,-0.309,0.46,135.3913,0.06312,143.041,381851008.0,280163616.0,62.279998779296875
ETR,Entergy Corporation,Utilities - Regulated Electric,34768400384.0,-0.057,4.12,19.679613,0.11951,188.807,4172163072.0,-1582116992.0,81.08000183105469
EOG,"EOG Resources, Inc.",Oil & Gas E&P,70750584832.0,-0.039,12.39,10.152542,0.24908,13.911,12483999744.0,4441249792.0,125.79000091552734
EPAM,"EPAM Systems, Inc.",Information Technology Services,14404967424.0,0.013,7.69,33.024708,0.13094,4.654,600278016.0,629562880.0,253.9600067138672
EQT,EQT Corporation,Oil & Gas E&P,30502488064.0,0.195,0.75,68.159996,0.018229999,67.324,2695083008.0,343259872.0,51.119998931884766
EFX,Equifax Inc.,Consulting Services,34059530240.0,0.093,4.51,60.926826,0.11927,108.422,1321799936.0,751737472.0,274.7799987792969
EQIX,"Equinix, Inc.",REIT - Specialty,88157405184.0,0.189,11.06,82.6094,0.08267,140.964,3266595072.0,2946253568.0,913.6599731445312
EQR,Equity Residential,REIT - Residential,27622897664.0,0.034,2.37,29.801687,0.08361,76.033,,,70.62999725341797
ERIE,Erie Indemnity Company,Insurance Brokers,21070215168.0,0.164,10.68,37.7294,0.31418,0.406,566227008.0,349279360.0,402.95001220703125
ESS,"Essex Property Trust, Inc.",REIT - Residential,18952333312.0,0.076,8.57,33.205368,0.10176,113.371,1053654976.0,730355904.0,284.57000732421875
EL,The Est√©e Lauder Companies Inc.,Household & Personal Products,29949534208.0,-0.045,0.56,148.98215,0.03857,196.892,2098000000.0,1983624960.0,83.43000030517578
EG,"Everest Group, Ltd.",Insurance - Reinsurance,14935493632.0,0.128,64.12,5.4196815,0.20858,22.087,5193999872.0,3494437376.0,347.510009765625
EVRG,"Evergy, Inc.",Utilities - Regulated Electric,14757559296.0,0.085,3.7,17.343243,0.08733,137.464,2016600064.0,-864612480.0,64.16999816894531
ES,Eversource Energy,Utilities - Regulated Electric,21134065664.0,0.097,-1.61,,-0.03491,187.768,1994614016.0,-2843319296.0,57.68000030517578
EXC,Exelon Corporation,Utilities - Regulated Electric,40193200128.0,0.029,2.43,16.460905,0.0933,173.221,5553999872.0,-2150625024.0,40.0
EXPE,"Expedia Group, Inc.",Travel Services,21940748288.0,0.033,7.69,22.23017,0.38564998,255.417,2648999936.0,1666875008.0,170.9499969482422
EXPD,"Expeditors International of Washington, Inc.",Integrated Freight & Logistics,15898474496.0,0.37,5.13,22.14035,0.30290002,23.009,631998016.0,454065632.0,113.58000183105469
EXR,Extra Space Storage Inc.,REIT - Industrial,33966393344.0,0.12,3.76,40.957447,0.05568,81.828,1843666048.0,1043956864.0,154.0
XOM,Exxon Mobil Corporation,Oil & Gas Integrated,465031004160.0,-0.015,7.84,13.626275,0.14513999,15.394,56475000832.0,28811499520.0,106.83000183105469
FFIV,"F5, Inc.",Software - Infrastructure,17245569024.0,0.056,10.05,29.57811,0.19117,6.895,792419008.0,786502848.0,297.260009765625
FDS,FactSet Research Systems Inc.,Financial Data & Stock Exchanges,18041812992.0,0.049,13.95,34.007885,0.30411,82.338,700337984.0,555261760.0,474.4100036621094
FICO,Fair Isaac Corporation,Software - Application,45795053568.0,0.164,20.42,91.75123,,,632963968.0,532367360.0,1873.56005859375
FAST,Fastenal Company,Industrial Distribution,41989955584.0,0.035,2.0,36.62,0.32698002,14.644,1244499968.0,822287488.0,73.23999786376953
FRT,Federal Realty Investment Trust,REIT - Retail,9297924096.0,0.058,3.44,31.578487,0.09324,135.474,567582976.0,364418880.0,108.62999725341797
FDX,FedEx Corporation,Integrated Freight & Logistics,63794204672.0,0.139,15.65,16.9246,0.1507,,7269000192.0,3036124928.0,264.8699951171875
FIS,"Fidelity National Information Services, Inc.",Information Technology Services,43859701760.0,0.031,0.97,83.98969,0.03034,66.387,2912000000.0,3952875008.0,81.47000122070312
FITB,Fifth Third Bancorp,Banks - Regional,29681231872.0,-0.03,3.14,14.1114645,0.119160004,,4997000192.0,,44.310001373291016
FSLR,"First Solar, Inc.",Solar,17934356480.0,0.108,11.61,14.428942,0.17964001,9.141,968112000.0,-469678368.0,167.52000427246094
FE,FirstEnergy Corp.,Utilities - Regulated Electric,22937415680.0,0.069,1.55,25.67742,0.083050005,173.13,2804999936.0,-1595874944.0,39.79999923706055
FI,"Fiserv, Inc.",Information Technology Services,122909253632.0,0.07,5.18,41.706562,0.10618,89.406,6005000192.0,4483125248.0,216.0399932861328
FMC,FMC Corporation,Agricultural Inputs,6963352064.0,0.085,12.19,4.575882,0.38454,90.927,564400000.0,600187520.0,55.779998779296875
F,Ford Motor Company,Auto Manufacturers,40060841984.0,0.055,0.88,11.454545,0.0799,359.359,14887000064.0,1992249984.0,10.079999923706055
FTNT,"Fortinet, Inc.",Software - Infrastructure,77319774208.0,0.13,1.99,50.693466,3.1152499,118.588,1972199936.0,1648400000.0,100.87999725341797
FTV,Fortive Corporation,Scientific & Technical Instruments,28217362432.0,0.027,2.5,32.532,0.08615,38.261,1471399936.0,1111237504.0,81.33000183105469
FOXA,Fox Corporation,Entertainment,22767935488.0,0.111,4.09,12.513447,0.17711,70.271,1996999936.0,1272249984.0,51.18000030517578
FOX,Fox Corporation,Entertainment,22767980544.0,0.111,4.09,11.88264,0.17711,70.271,1996999936.0,1272249984.0,48.599998474121094
BEN,"Franklin Resources, Inc.",Asset Management,11684851712.0,0.113,0.64,34.75,0.04321,25.715,971299968.0,-39787500.0,22.239999771118164
FCX,Freeport-McMoRan Inc.,Copper,51513942016.0,0.166,1.3,27.576923,0.16870001,33.531,7043999744.0,1289374976.0,35.849998474121094
GRMN,Garmin Ltd.,Scientific & Technical Instruments,41448595456.0,0.241,7.88,27.392132,0.21909,1.908,1414521984.0,969167360.0,215.85000610351562
IT,"Gartner, Inc.",Information Technology Services,41870815232.0,0.054,13.52,40.150146,1.30419,282.147,1373896960.0,866788608.0,542.8300170898438
GE,GE Aerospace,Aerospace & Defense,218571079680.0,0.058,6.09,33.42693,0.22552,110.224,6543000064.0,4729375232.0,203.57000732421875
GEHC,GE HealthCare Technologies Inc.,Health Information Services,40341884928.0,0.009,3.65,24.19178,0.21853,126.093,2088000000.0,1817750016.0,88.30000305175781
GEV,GE Vernova Inc.,Utilities - Renewable,102785867776.0,0.08,5.59,66.70483,,9.346,3592999936.0,,372.8800048828125
GEN,Gen Digital Inc.,Software - Infrastructure,16584659968.0,0.031,1.02,26.382353,0.2766,409.342,2135000064.0,1277500032.0,26.90999984741211
GNRC,Generac Holdings Inc.,Specialty Industrial Machinery,8884731904.0,0.096,4.79,31.175365,0.123780005,65.432,718793024.0,544419776.0,149.3300018310547
GD,General Dynamics Corporation,Aerospace & Defense,69472231424.0,0.104,13.62,18.867842,0.16952999,48.609,3144999936.0,2150625024.0,256.9800109863281
GIS,"General Mills, Inc.",Packaged Foods,33151031296.0,-0.012,4.6,13.073914,0.24168,139.823,3548699904.0,2196512512.0,60.13999938964844
GM,General Motors Company,Auto Manufacturers,49212796928.0,0.105,6.37,7.764521,0.14167,174.581,19645999104.0,-2336875008.0,49.459999084472656
GPC,Genuine Parts Company,Auto Parts,16162934784.0,0.025,7.77,14.96139,0.24416,127.177,1449389056.0,485518752.0,116.25
GILD,"Gilead Sciences, Inc.",Drug Manufacturers - General,121137438720.0,0.07,0.09,1079.9999,0.00561,126.415,10021999616.0,9078375424.0,97.19999694824219
GPN,Global Payments Inc.,Specialty Business Services,28719761408.0,0.051,5.3,21.292452,0.06064,74.476,3536706048.0,3316770816.0,112.8499984741211
GL,Globe Life Inc.,Insurance - Life,10248857600.0,0.052,11.81,10.337849,0.23546,67.544,1456909952.0,1261007872.0,122.08999633789062
GDDY,GoDaddy Inc.,Software - Infrastructure,29854146560.0,0.073,12.46,17.066612,,1107.373,1244899968.0,920150016.0,212.64999389648438
GS,"The Goldman Sachs Group, Inc.",Capital Markets,198812172288.0,0.042,40.54,15.796744,0.1017,609.793,-88335998976.0,,640.4000244140625
HAL,Halliburton Company,Oil & Gas Equipment & Services,22858622976.0,-0.018,2.83,9.194346,0.26293,83.993,3819000064.0,1845374976.0,26.020000457763672
HIG,"The Hartford Financial Services Group, Inc.",Insurance - Property & Casualty,32081780736.0,0.095,10.35,10.777778,0.19740999,25.629,5662000128.0,4215875072.0,111.55000305175781
HAS,"Hasbro, Inc.",Leisure,8068737536.0,-0.148,-4.64,,-0.36224997,305.016,978300032.0,1244424960.0,57.84000015258789
HCA,"HCA Healthcare, Inc.",Medical Care Facilities,83565207552.0,0.079,22.0,14.99591,11.954511,5711.069,10629000192.0,4146749952.0,329.9100036621094
DOC,"Healthpeak Properties, Inc.",REIT - Healthcare Facilities,14450492416.0,0.259,0.49,42.163265,0.04085,96.594,1018214016.0,374706880.0,20.65999984741211
HSIC,"Henry Schein, Inc.",Medical Distribution,9933440000.0,0.004,2.44,32.786884,0.06334,60.189,612000000.0,542499968.0,80.0
HSY,The Hershey Company,Confectioners,30201485312.0,-0.014,8.7,17.155172,0.43405998,134.227,2347642880.0,1031106752.0,149.25
HES,Hess Corporation,Oil & Gas E&P,42837647360.0,0.133,8.98,15.482183,0.2885,81.969,5632000000.0,632374976.0,139.02999877929688
HPE,Hewlett Packard Enterprise Company,Communication Equipment,27871844352.0,0.101,1.93,10.979275,0.086660005,53.696,5153999872.0,1913250048.0,21.190000534057617
HLT,Hilton Worldwide Holdings Inc.,Lodging,62424748032.0,0.063,4.69,54.599148,,,1896000000.0,1526125056.0,256.07000732421875
HOLX,"Hologic, Inc.",Medical Instruments & Supplies,16283657216.0,0.045,3.32,21.728916,0.13846,49.407,1176899968.0,757962496.0,72.13999938964844
HD,"The Home Depot, Inc.",Home Improvement Retail,409245712384.0,0.066,14.75,27.93085,4.04933,1095.368,19872000000.0,11943249920.0,411.9800109863281
HON,Honeywell International Inc.,Conglomerates,145473257472.0,0.056,8.66,25.83372,0.31865,177.821,6770999808.0,3810625024.0,223.72000122070312
HRL,Hormel Foods Corporation,Packaged Foods,16459409408.0,-0.022,1.47,20.394558,0.10005,36.305,1177208064.0,702241472.0,29.979999542236328
HST,"Host Hotels & Resorts, Inc.",REIT - Hotel & Motel,11839519744.0,0.092,1.03,16.2233,0.105229996,81.953,1474000000.0,1161374976.0,16.709999084472656
HWM,Howmet Aerospace Inc.,Aerospace & Defense,51424518144.0,0.107,2.59,48.87259,0.25719,78.925,1276000000.0,706249984.0,126.58000183105469
HPQ,HP Inc.,Computer Hardware,30478436352.0,0.024,2.81,11.565837,,,4100999936.0,3252124928.0,32.5
HUBB,Hubbell Incorporated,Electrical Equipment & Parts,22703159296.0,0.049,13.87,30.498198,0.25344,64.783,904300032.0,567162496.0,423.010009765625
HUM,Humana Inc.,Healthcare Plans,35308118016.0,0.113,11.47,25.564953,0.078379996,75.908,-3640000000.0,-10629000192.0,293.2300109863281
HBAN,Huntington Bancshares Incorporated,Banks - Regional,25002608640.0,-0.012,1.22,14.098361,0.08545,,1228999936.0,,17.200000762939453
HII,"Huntington Ingalls Industries, Inc.",Aerospace & Defense,7718645248.0,-0.024,17.69,11.150932,0.17666,67.095,564000000.0,119000000.0,197.25999450683594
IBM,International Business Machines Corporation,Information Technology Services,236431720448.0,0.015,6.42,39.82866,0.26729,245.112,13578000384.0,10412125184.0,255.6999969482422
IEX,IDEX Corporation,Specialty Industrial Machinery,16985492480.0,0.006,6.46,34.722908,0.13592,55.059,696499968.0,485950016.0,224.30999755859375
IDXX,"IDEXX Laboratories, Inc.",Diagnostics & Research,34559438848.0,0.066,10.34,40.81721,0.59424,61.696,916827008.0,792041600.0,422.04998779296875
ITW,Illinois Tool Works Inc.,Specialty Industrial Machinery,76529950720.0,-0.016,11.56,22.418684,1.08036,246.05,3206000128.0,2560000000.0,259.1600036621094
INCY,Incyte Corporation,Biotechnology,14286924800.0,0.238,0.09,824.0,0.00802,1.151,101848000.0,482474624.0,74.16000366210938
IR,Ingersoll Rand Inc.,Specialty Industrial Machinery,37802528768.0,0.07,2.05,45.7561,0.08479,47.256,1451900032.0,996287488.0,93.80000305175781
PODD,Insulet Corporation,Medical Devices,19526909952.0,0.257,5.87,47.424194,0.48786,128.909,327800000.0,106075000.0,278.3800048828125
INTC,Intel Corporation,Semiconductors,84131897344.0,-0.062,-4.38,,-0.15597,47.906,9747000320.0,-9374624768.0,19.43000030517578
ICE,"Intercontinental Exchange, Inc.",Financial Data & Stock Exchanges,91770716160.0,0.173,4.2,38.054764,0.09408,78.899,4072000000.0,2806249984.0,159.8300018310547
IFF,International Flavors & Fragrances Inc.,Specialty Chemicals,22267344896.0,0.037,-9.08,,-0.1453,66.117,1346000000.0,-868499968.0,87.08999633789062
IP,International Paper Company,Packaging & Containers,19326308352.0,0.016,1.57,35.43312,0.04797,69.707,1772999936.0,953000000.0,55.630001068115234
IPG,"The Interpublic Group of Companies, Inc.",Advertising Agencies,10683761664.0,-0.029,2.12,13.523585,0.21792999,111.806,1081900032.0,572937472.0,28.670000076293945
INTU,Intuit Inc.,Software - Application,168372879360.0,0.41,10.29,58.455784,0.16597,,4883999744.0,4246874880.0,601.510009765625
ISRG,"Intuitive Surgical, Inc.",Medical Instruments & Supplies,203965005824.0,0.169,6.41,89.21685,0.15973,,1820700032.0,637524992.0,571.8800048828125
IVZ,Invesco Ltd.,Asset Management,8615040000.0,0.051,1.18,16.29661,-0.00944,5.597,1587399936.0,-7649512448.0,19.229999542236328
INVH,Invitation Homes Inc.,REIT - Residential,19082676224.0,0.058,0.72,43.263885,0.04369,90.848,1036540992.0,943140608.0,31.149999618530273
IQV,IQVIA Holdings Inc.,Diagnostics & Research,36546838528.0,0.043,7.61,26.45992,0.22001,200.258,2577999872.0,1998375040.0,201.36000061035156
IRM,Iron Mountain Incorporated,REIT - Specialty,29806731264.0,0.122,0.36,282.1389,0.54398996,,1212321024.0,-226061376.0,101.56999969482422
JBHT,"J.B. Hunt Transport Services, Inc.",Integrated Freight & Logistics,17217028096.0,-0.03,5.56,30.794964,0.14192,47.555,1380525952.0,463574624.0,171.22000122070312
JBL,Jabil Inc.,Electronic Components,17789579264.0,-0.177,10.57,15.365186,0.60295,207.887,1716000000.0,2188250112.0,162.41000366210938
JKHY,"Jack Henry & Associates, Inc.",Information Technology Services,12701484032.0,0.052,5.47,31.826326,0.22278,10.28,527798016.0,250365872.0,174.08999633789062
J,Jacobs Solutions Inc.,Engineering & Construction,17378502656.0,0.011,4.79,29.254698,0.093260005,47.856,1077504000.0,1148129280.0,140.1300048828125
JNJ,Johnson & Johnson,Drug Manufacturers - General,366319370240.0,0.052,5.8,26.232758,0.20889,50.958,25145999360.0,19922499584.0,152.14999389648438
JCI,Johnson Controls International plc,Building Products & Equipment,51490840576.0,-0.095,2.08,37.5,0.0805,54.68,2098000000.0,1762249984.0,78.0
JPM,JPMorgan Chase & Co.,Banks - Diversified,747798462464.0,0.03,19.75,13.534177,0.16216,,-129538998272.0,,267.29998779296875
JNPR,"Juniper Networks, Inc.",Communication Equipment,11541762048.0,-0.048,0.76,45.868423,0.055760004,39.109,517400000.0,503975008.0,34.86000061035156
K,Kellanova,Packaged Foods,28172167168.0,-0.007,2.99,27.33445,0.26036,173.603,1538000000.0,478000000.0,81.7300033569336
KVUE,Kenvue Inc.,Household & Personal Products,40818466816.0,-0.004,0.55,38.70909,0.098809995,82.929,1926000000.0,1519874944.0,21.290000915527344
KDP,Keurig Dr Pepper Inc.,Beverages - Non-Alcoholic,43542044672.0,0.023,1.66,19.337349,0.09052,67.319,1667000064.0,852249984.0,32.099998474121094
KEY,KeyCorp,Banks - Regional,19900084224.0,-0.602,-0.32,,0.0096700005,,-26000000.0,,17.979999542236328
KEYS,"Keysight Technologies, Inc.",Scientific & Technical Instruments,30837966848.0,-0.119,3.51,50.811966,0.18031,38.929,1071000000.0,750750016.0,178.35000610351562
KMB,Kimberly-Clark Corporation,Household & Personal Products,43124047872.0,-0.035,7.55,17.21457,2.30998,517.798,3632000000.0,2494374912.0,129.97000122070312
KIM,Kimco Realty Corporation,REIT - Retail,15133119488.0,0.138,0.54,41.574074,0.03829,78.638,956278016.0,836519104.0,22.450000762939453
KMI,"Kinder Morgan, Inc.",Oil & Gas Midstream,61050662912.0,-0.053,1.17,23.48718,0.083500005,101.433,6447000064.0,-493000000.0,27.479999542236328
KKR,KKR & Co. Inc.,Asset Management,154171867136.0,0.238,3.22,51.885094,0.08284,83.045,7868657152.0,,167.07000732421875
KLAC,KLA Corporation,Semiconductor Equipment & Materials,98746982400.0,0.185,23.77,31.057634,0.90577006,191.76,3420072960.0,2268658176.0,738.239990234375
KHC,The Kraft Heinz Company,Packaged Foods,36081635328.0,-0.028,1.11,26.882883,0.027999999,41.451,4152000000.0,2514374912.0,29.84000015258789
KR,The Kroger Co.,Grocery Stores,44603072512.0,-0.006,3.78,16.306879,0.24285999,229.201,5888000000.0,2016749952.0,61.63999938964844
LHX,"L3Harris Technologies, Inc.",Aerospace & Defense,40211513344.0,0.077,7.87,26.939009,0.06258,67.726,2219000064.0,1618499968.0,212.00999450683594
LH,Labcorp Holdings Inc.,Diagnostics & Research,20893095936.0,0.074,5.27,47.40038,0.05432,95.001,1388199936.0,694400000.0,249.8000030517578
LRCX,Lam Research Corporation,Semiconductor Equipment & Materials,104146010112.0,0.197,3.29,24.63526,0.49116,58.827,5269577216.0,3978129408.0,81.05000305175781
LW,"Lamb Weston Holdings, Inc.",Packaged Foods,8549900800.0,-0.007,2.54,23.598425,0.37015,221.158,793800000.0,-315924992.0,59.939998626708984
LVS,Las Vegas Sands Corp.,Resorts & Casinos,33227941888.0,-0.04,1.96,23.382654,0.45166,384.206,3295000064.0,1588375040.0,45.83000183105469
LDOS,"Leidos Holdings, Inc.",Information Technology Services,18951489536.0,0.069,8.79,16.158134,0.27035,110.135,1396999936.0,1144999936.0,142.02999877929688
LEN,Lennar Corporation,Residential Construction,34672431104.0,0.079,14.31,9.171209,0.15878001,14.665,4018071040.0,4653636096.0,131.24000549316406
LII,Lennox International Inc.,Building Products & Equipment,21087899648.0,0.096,22.51,26.318079,1.65014,188.727,919600000.0,589687488.0,592.4199829101562
LLY,Eli Lilly and Company,Drug Manufacturers - General,729417187328.0,0.204,9.25,87.684326,0.65318,218.081,6032200192.0,-1306887552.0,811.0800170898438
LIN,Linde plc,Specialty Chemicals,212423606272.0,0.025,13.16,33.899696,0.1619,54.828,9340999680.0,4216750080.0,446.1199951171875
LYV,"Live Nation Entertainment, Inc.",Entertainment,33363062784.0,-0.062,0.9,160.75555,0.35808998,419.155,1296225024.0,688150144.0,144.67999267578125
LKQ,LKQ Corporation,Auto Parts,9719904256.0,0.004,2.71,13.797048,0.117740005,92.384,1098000000.0,759374976.0,37.38999938964844
LMT,Lockheed Martin Corporation,Aerospace & Defense,108971950080.0,0.013,22.31,20.750786,0.81037,268.347,8313999872.0,5304750080.0,462.95001220703125
L,Loews Corporation,Insurance - Property & Casualty,18506504192.0,0.138,7.52,11.363031,0.10669,52.247,2560999936.0,1227500032.0,85.44999694824219
LOW,"Lowe's Companies, Inc.",Home Improvement Retail,146831589376.0,-0.055,12.01,21.651957,,,9587000320.0,6081750016.0,260.0400085449219
LULU,Lululemon Athletica Inc.,Apparel Retail,50442936320.0,0.073,13.83,29.949387,0.43159,36.186,2344614912.0,1563643776.0,414.20001220703125
LYB,LyondellBasell Industries N.V.,Specialty Chemicals,24526798848.0,-0.029,6.59,11.487101,0.1586,92.277,3408000000.0,1278499968.0,75.69999694824219
MTB,M&T Bank Corporation,Banks - Regional,33389940736.0,0.012,14.63,13.755298,0.08676,,2734000128.0,,201.24000549316406
MPC,Marathon Petroleum Corporation,Oil & Gas Refining & Marketing,46829592576.0,-0.148,12.9,11.29535,0.21053,114.328,7581000192.0,3217250048.0,145.7100067138672
MKTX,MarketAxess Holdings Inc.,Capital Markets,8318722048.0,0.2,7.39,29.855211,0.21625,5.424,350673984.0,321532256.0,220.6300048828125
MAR,"Marriott International, Inc.",Lodging,80752926720.0,0.066,9.56,30.396442,,,3182000128.0,2547249920.0,290.5899963378906
MMC,"Marsh & McLennan Companies, Inc.",Insurance Brokers,106514538496.0,0.059,8.18,26.513447,0.32048,106.462,4128999936.0,3657374976.0,216.8800048828125
MLM,"Martin Marietta Materials, Inc.",Building Materials,33255579648.0,-0.053,32.21,16.89289,0.23437001,48.348,1328400000.0,762849984.0,544.1199951171875
MAS,Masco Corporation,Building Products & Equipment,17104579584.0,0.002,3.76,21.085106,5.70874,2238.028,1152999936.0,891000000.0,79.27999877929688
MA,Mastercard Incorporated,Credit Services,507697987584.0,0.128,13.89,39.98776,1.7757801,244.839,14076000256.0,13575374848.0,555.4299926757812
MTCH,"Match Group, Inc.",Internet Content & Information,8963949568.0,0.016,2.23,16.008968,,,954128000.0,679636864.0,35.70000076293945
MKC,"McCormick & Company, Incorporated",Packaged Foods,20706445312.0,-0.003,2.92,26.448631,0.15067,84.828,1040400000.0,588337472.0,77.2300033569336
MCD,McDonald's Corporation,Restaurants,206888206336.0,0.027,11.4,25.324564,,,9304899584.0,7300262400.0,288.70001220703125
MCK,McKesson Corporation,Medical Distribution,75497562112.0,0.213,19.33,30.768236,,,5120999936.0,4385500160.0,594.75
MDT,Medtronic plc,Medical Devices,116457578496.0,0.028,3.27,27.7737,0.07948,57.859,6897999872.0,4904750080.0,90.81999969482422
MRK,"Merck & Co., Inc.",Drug Manufacturers - General,249979011072.0,0.044,4.78,20.67364,0.28332,85.572,18264000512.0,14019624960.0,98.81999969482422
META,"Meta Platforms, Inc.",Internet Content & Information,1746147737600.0,0.189,23.85,28.896435,0.36134,29.811,82744000512.0,39083376640.0,689.1799926757812
MET,"MetLife, Inc.",Insurance - Life,59901251584.0,0.162,4.93,17.547668,0.13260001,151.463,15169000448.0,-3865999872.0,86.51000213623047
MTD,Mettler-Toledo International Inc.,Diagnostics & Research,28793366528.0,0.013,37.11,36.767445,,,983664000.0,773193472.0,1364.43994140625
MGM,MGM Resorts International,Resorts & Casinos,10266075136.0,0.053,2.79,12.358423,0.2901,841.031,2406877952.0,911929024.0,34.47999954223633
MCHP,Microchip Technology Incorporated,Semiconductors,29159641088.0,-0.484,1.44,37.708332,0.118030004,102.895,1704000000.0,1672612480.0,54.29999923706055
MU,"Micron Technology, Inc.",Semiconductors,101656870912.0,0.933,3.49,26.143267,0.01743,31.194,8506999808.0,363500000.0,91.23999786376953
MSFT,Microsoft Corporation,Software - Infrastructure,3085547601920.0,0.16,12.41,33.44561,0.35604,33.657,122144997376.0,61280874496.0,415.05999755859375
MAA,"Mid-America Apartment Communities, Inc.",REIT - Residential,18302885888.0,0.017,4.44,34.364864,0.08611,79.953,1124096000.0,954962112.0,152.5800018310547
MRNA,"Moderna, Inc.",Biotechnology,15169524736.0,0.017,-5.81,,-0.17524,11.361,-3207000064.0,-3337125120.0,39.41999816894531
MHK,"Mohawk Industries, Inc.","Furnishings, Fixtures & Appliances",7719735296.0,-0.017,8.85,13.819209,0.07457,32.986,1033228992.0,486964512.0,122.30000305175781
MOH,"Molina Healthcare, Inc.",Healthcare Plans,17755451392.0,0.174,19.65,15.7969475,0.26454002,53.019,178000000.0,-191500000.0,310.4100036621094
TAP,Molson Coors Beverage Company,Beverages - Brewers,11285508096.0,-0.078,4.44,12.331081,0.071669996,48.838,1890300032.0,671137472.0,54.75
MDLZ,"Mondelez International, Inc.",Confectioners,77543653376.0,0.019,2.82,20.563831,0.13552,73.232,5015000064.0,4272000000.0,57.9900016784668
MPWR,"Monolithic Power Systems, Inc.",Semiconductors,31090909184.0,0.306,8.86,71.93793,0.20214,0.693,774041984.0,516699488.0,637.3699951171875
MNST,Monster Beverage Corporation,Beverages - Non-Alcoholic,47371448320.0,0.013,1.56,31.22436,0.23517,13.985,1901159040.0,1207026688.0,48.709999084472656
MCO,Moody's Corporation,Financial Data & Stock Exchanges,90514014208.0,0.232,10.94,45.652653,0.54016,197.861,2640999936.0,1952999936.0,
MS,Morgan Stanley,Capital Markets,222457004032.0,0.165,7.95,17.412579,0.11079001,405.772,-28189999104.0,,138.42999267578125
MOS,The Mosaic Company,Agricultural Inputs,8859118592.0,-0.208,1.13,24.681416,0.03346,35.767,1618000000.0,-43887500.0,27.889999389648438
MSI,"Motorola Solutions, Inc.",Communication Equipment,78421524480.0,0.092,9.15,51.284157,1.82528,490.007,2566000128.0,1971124992.0,469.25
MSCI,MSCI Inc.,Financial Data & Stock Exchanges,46769639424.0,0.159,14.02,42.56562,,,1459947008.0,1122748416.0,596.77001953125
NDAQ,"Nasdaq, Inc.",Financial Data & Stock Exchanges,47325573120.0,0.311,1.93,42.66321,0.10888,93.096,1651000064.0,1464000000.0,82.33999633789062
NTAP,"NetApp, Inc.",Computer Hardware,24823662592.0,0.076,5.43,22.486189,1.2042199,285.038,1572999936.0,1226625024.0,122.0999984741211
NFLX,"Netflix, Inc.",Entertainment,417815920640.0,0.15,19.83,49.256683,0.34714,81.461,7487483904.0,21647300608.0,976.760009765625
NEM,Newmont Corporation,Gold,48634589184.0,0.847,-2.19,,-0.05159,30.436,4467999744.0,-1939250048.0,42.720001220703125
NWSA,News Corporation,Entertainment,16623475712.0,0.031,0.62,45.35484,0.04916,44.272,1216999936.0,640124992.0,28.1200008392334
NWS,News Corporation,Entertainment,16623466496.0,0.031,0.62,51.048386,0.04916,44.272,1216999936.0,640124992.0,31.649999618530273
NEE,"NextEra Energy, Inc.",Utilities - Regulated Electric,147155976192.0,0.055,3.37,21.23442,0.09887999,139.015,14156999680.0,-16568750080.0,71.55999755859375
NKE,"NIKE, Inc.",Footwear & Accessories,113745100800.0,-0.104,3.24,23.734568,0.3798,86.962,7888999936.0,6571749888.0,76.9000015258789
NI,NiSource Inc.,Utilities - Regulated Gas,17410856960.0,0.048,1.64,22.743902,0.08756,131.811,1640899968.0,-968075008.0,37.29999923706055
NDSN,Nordson Corporation,Specialty Industrial Machinery,12571875328.0,0.02,8.1,27.187653,0.17406,56.526,623022016.0,450169760.0,220.22000122070312
NSC,Norfolk Southern Corporation,Railroads,57779748864.0,0.027,11.57,22.065687,0.18303,128.64,3774000128.0,48000000.0,255.3000030517578
NTRS,Northern Trust Corporation,Asset Management,22005471232.0,0.145,9.77,11.493346,0.13732,,4952000000.0,,112.29000091552734
NOC,Northrop Grumman Corporation,Aerospace & Defense,70535258112.0,0.023,28.36,17.181593,0.15484,122.722,4240000000.0,2600624896.0,487.2699890136719
NCLH,Norwegian Cruise Line Holdings Ltd.,Travel Services,12465722368.0,0.107,1.14,24.868422,0.69788,1240.664,1909566976.0,148069376.0,28.350000381469727
NRG,"NRG Energy, Inc.",Utilities - Independent Power Producers,20750862336.0,-0.091,4.04,25.356436,0.31931,433.016,1595000064.0,1812375040.0,102.44000244140625
NUE,Nucor Corporation,Steel,30157031424.0,-0.152,8.46,15.18085,0.13221,32.901,4765954048.0,872097600.0,128.42999267578125
NVDA,NVIDIA Corporation,Semiconductors,2940514336768.0,1.224,2.53,47.4585,1.23767,17.221,48663998464.0,33725874176.0,120.06999969482422
NVR,"NVR, Inc.",Residential Construction,24919658496.0,0.06,506.62,15.8228655,0.38716,24.537,1233117952.0,1009651392.0,8016.18017578125
NXPI,NXP Semiconductors N.V.,Semiconductors,53004234752.0,-0.054,10.47,19.918816,0.29555,104.495,3528000000.0,1768749952.0,208.5500030517578
ORLY,"O'Reilly Automotive, Inc.",Specialty Retail,74727776256.0,0.038,40.39,32.048035,,,2941518080.0,1426241792.0,1294.4200439453125
OXY,Occidental Petroleum Corporation,Oil & Gas E&P,43773702144.0,0.002,3.65,12.780822,0.13118,79.146,11322000384.0,-4865750016.0,46.650001525878906
ODFL,"Old Dominion Freight Line, Inc.",Trucking,39627362304.0,-0.03,5.72,32.449303,0.30241,1.437,1694916992.0,752302144.0,185.61000061035156
OMC,Omnicom Group Inc.,Advertising Agencies,17052585984.0,0.085,7.32,11.856557,0.33923998,155.236,1609500032.0,1281712512.0,86.79000091552734
ON,ON Semiconductor Corporation,Semiconductors,22286215168.0,-0.192,4.03,12.987593,0.2183,42.376,1937900032.0,489150016.0,52.34000015258789
OKE,"ONEOK, Inc.",Oil & Gas Midstream,56645545984.0,0.199,4.72,20.586864,0.16875,166.619,4784999936.0,1275750016.0,97.16999816894531
ORCL,Oracle Corporation,Software - Infrastructure,475651014656.0,0.069,4.1,41.47805,1.55578,749.978,19125999616.0,10339500032.0,170.05999755859375
OTIS,Otis Worldwide Corporation,Specialty Industrial Machinery,38116569088.0,0.007,4.07,23.444715,,,1470000000.0,1182499968.0,95.41999816894531
PCAR,PACCAR Inc,Farm & Heavy Construction Machinery,58145472512.0,-0.052,7.89,14.053232,0.27142,83.654,4381899776.0,-217475008.0,110.87999725341797
PKG,Packaging Corporation of America,Packaging & Containers,19097909248.0,0.127,8.93,23.81411,0.18972,64.596,1201100032.0,468875008.0,212.66000366210938
PLTR,Palantir Technologies Inc.,Software - Infrastructure,187913879552.0,0.3,0.2,412.44998,0.12409,5.552,994710016.0,784283520.0,82.48999786376953
PANW,"Palo Alto Networks, Inc.",Software - Infrastructure,121016401920.0,0.121,3.85,47.9013,0.74517995,27.28,3257600000.0,2498700032.0,184.4199981689453
PARA,Paramount Global,Entertainment,7742273536.0,-0.056,-9.06,,-0.30080998,91.924,1028000000.0,16873124864.0,10.880000114440918
PH,Parker-Hannifin Corporation,Specialty Industrial Machinery,91043291136.0,0.012,24.18,29.241108,0.24641001,78.976,3478344960.0,2474309632.0,707.0499877929688
PAYX,"Paychex, Inc.",Software - Application,53170503680.0,0.025,4.75,31.08842,0.45672,22.517,1750800000.0,1181175040.0,147.6699981689453
PAYC,"Paycom Software, Inc.",Software - Application,11968324608.0,0.112,8.3,25.007229,0.32584998,5.516,507980992.0,289266496.0,207.55999755859375
PYPL,"PayPal Holdings, Inc.",Credit Services,88804999168.0,0.058,4.18,21.19139,0.22188,65.718,7670000128.0,3762625024.0,88.58000183105469
PNR,Pentair plc,Specialty Industrial Machinery,17131151360.0,-0.015,4.0,25.92,0.20408002,49.774,798700032.0,572000000.0,103.68000030517578
PEP,"PepsiCo, Inc.",Beverages - Non-Alcoholic,206745174016.0,-0.006,6.78,22.225664,0.48819,229.605,12032000000.0,6066874880.0,150.69000244140625
PFE,Pfizer Inc.,Drug Manufacturers - General,150288580608.0,0.312,0.75,35.36,0.04538,73.408,11262999552.0,11420749824.0,26.520000457763672
PCG,PG&E Corporation,Utilities - Regulated Electric,34328428544.0,0.009,1.28,12.2265625,0.10674,221.631,6579999744.0,-7392875008.0,15.649999618530273
PM,Philip Morris International Inc.,Tobacco,202438852608.0,0.084,6.3,20.666666,,,11516999680.0,9205749760.0,130.1999969482422
PSX,Phillips 66,Oil & Gas Refining & Marketing,48679014400.0,-0.104,4.99,23.621244,0.11121,67.143,5183000064.0,921124992.0,117.87000274658203
PNW,Pinnacle West Capital Corporation,Utilities - Regulated Electric,9887351808.0,0.08,5.32,16.345863,0.09578,168.24,1544129024.0,-297728992.0,86.95999908447266
PNC,"The PNC Financial Services Group, Inc.",Banks - Regional,79563538432.0,0.017,13.74,14.625182,0.099020004,,10944000000.0,,200.9499969482422
POOL,Pool Corporation,Industrial Distribution,13100605440.0,-0.028,11.64,29.574741,0.31463,86.515,626830016.0,464911744.0,344.25
PPG,"PPG Industries, Inc.",Specialty Chemicals,26768158720.0,-0.015,5.72,20.17133,0.19149,91.282,1972000000.0,1043875008.0,115.37999725341797
PPL,PPL Corporation,Utilities - Regulated Electric,24795791360.0,0.011,1.11,30.27027,0.05864,117.528,1939000064.0,-685124992.0,33.599998474121094
PFG,"Principal Financial Group, Inc.",Asset Management,18858457088.0,-0.345,-0.74,,-0.01274,36.258,4087899904.0,1036400000.0,82.44999694824219
PG,The Procter & Gamble Company,Household & Personal Products,389221646336.0,-0.006,6.27,26.473684,0.28766,69.338,19243999232.0,13264499712.0,165.99000549316406
PGR,The Progressive Corporation,Insurance - Property & Casualty,144367271936.0,0.267,14.39,17.125782,0.36411,25.375,14549000192.0,14565612544.0,246.44000244140625
PLD,"Prologis, Inc.",REIT - Industrial,110446362624.0,0.068,3.32,35.918674,0.05662,57.079,4651180032.0,5016193536.0,119.25
PRU,"Prudential Financial, Inc.",Insurance - Life,42982227968.0,1.334,11.23,10.75334,0.13773,141.51,7282999808.0,19628875776.0,120.76000213623047
PEG,Public Service Enterprise Group Incorporated,Utilities - Regulated Electric,41621716992.0,0.076,4.07,20.525799,0.13,137.098,2476000000.0,-875374976.0,83.54000091552734
PTC,PTC Inc.,Software - Application,23286478848.0,0.146,3.12,62.01282,0.12775,60.052,749984000.0,,193.47999572753906
PSA,Public Storage,REIT - Industrial,52288626688.0,0.034,9.64,30.962656,0.19163999,97.567,3151319040.0,2154306304.0,298.4800109863281
PHM,"PulteGroup, Inc.",Residential Construction,23334230016.0,0.118,14.69,7.745405,0.26705,19.411,1401602048.0,983120384.0,113.77999877929688
PWR,"Quanta Services, Inc.",Engineering & Construction,45406924800.0,0.155,5.41,56.85952,0.12696,70.631,2372719104.0,1833279744.0,307.6099853515625
QCOM,QUALCOMM Incorporated,Semiconductors,191155077120.0,0.187,8.94,19.343401,0.42253,58.765,12202000384.0,8920500224.0,172.92999267578125
DGX,Quest Diagnostics Incorporated,Diagnostics & Research,18041307136.0,0.084,7.68,21.23698,0.13224,100.708,1396999936.0,853249984.0,163.10000610351562
RL,Ralph Lauren Corporation,Apparel Manufacturing,15505945600.0,0.057,10.49,23.803623,0.28424,109.237,1100600064.0,793900032.0,249.6999969482422
RJF,"Raymond James Financial, Inc.",Asset Management,34471006208.0,0.132,10.24,16.453125,0.19348,45.916,,,168.47999572753906
RTX,RTX Corporation,Aerospace & Defense,171635032064.0,0.492,3.55,36.323944,0.073460005,69.597,10309000192.0,8071000064.0,128.9499969482422
O,Realty Income Corporation,REIT - Retail,47821529088.0,0.286,1.05,52.038097,0.02513,68.941,3361970944.0,2684878848.0,54.63999938964844
REG,Regency Centers Corporation,REIT - Retail,13118127104.0,0.089,2.12,33.88679,0.0583,66.82,770718976.0,626702400.0,71.83999633789062
REGN,"Regeneron Pharmaceuticals, Inc.",Biotechnology,73953771520.0,0.106,40.45,16.63733,0.17166,9.221,4247399936.0,2247637504.0,672.97998046875
RF,Regions Financial Corporation,Banks - Regional,22394408960.0,0.156,1.93,12.766839,0.10042,,2672999936.0,,24.639999389648438
RSG,"Republic Services, Inc.",Waste Management,67913273344.0,0.065,6.25,34.6992,0.18284,114.524,3812499968.0,1426762496.0,216.8699951171875
RMD,ResMed Inc.,Medical Instruments & Supplies,34687049728.0,0.111,8.48,27.851416,0.23565,16.366,1440514944.0,1120541440.0,236.17999267578125
RVTY,"Revvity, Inc.",Diagnostics & Research,15350273024.0,0.02,2.3,54.83913,0.03308,41.849,650681984.0,783643904.0,126.12999725341797
ROK,"Rockwell Automation, Inc.",Specialty Industrial Machinery,31471777792.0,-0.206,8.27,33.66747,0.25539,111.327,863800000.0,592512512.0,278.42999267578125
ROL,"Rollins, Inc.",Personal Services,23973097472.0,0.09,0.97,51.030926,0.38792,63.703,572320000.0,447092736.0,49.5
ROP,"Roper Technologies, Inc.",Software - Application,61726375936.0,0.129,14.33,40.17097,0.08238,45.241,2292800000.0,2049949952.0,575.6500244140625
ROST,"Ross Stores, Inc.",Apparel Retail,49674108928.0,0.071,6.35,23.710236,0.43236,114.299,2359250944.0,1099991552.0,150.55999755859375
RCL,Royal Caribbean Cruises Ltd.,Travel Services,71688740864.0,0.175,11.01,24.21435,0.44263,298.394,4913999872.0,-1615020032.0,266.6000061035156
SPGI,S&P Global Inc.,Financial Data & Stock Exchanges,161793507328.0,0.159,11.31,46.101677,0.099309996,31.362,5282999808.0,4448374784.0,521.4099731445312
CRM,"Salesforce, Inc.",Software - Application,327006912512.0,0.084,6.08,56.20066,0.09734,21.148,12074000384.0,12935749632.0,341.70001220703125
SBAC,SBA Communications Corporation,REIT - Specialty,21242243072.0,-0.022,6.34,31.160883,,,1457308032.0,621793984.0,197.55999755859375
SLB,Schlumberger Limited,Oil & Gas Equipment & Services,56426237952.0,0.102,3.11,12.951769,0.21722999,57.141,7233999872.0,3437125120.0,40.279998779296875
STX,Seagate Technology Holdings plc,Computer Hardware,20400087040.0,0.491,5.5,17.52,,,886000000.0,211250000.0,96.36000061035156
SRE,Sempra,Utilities - Diversified,52527775744.0,-0.167,4.54,18.26652,0.09734,96.747,4631000064.0,-4551875072.0,82.93000030517578
NOW,"ServiceNow, Inc.",Software - Application,210282233856.0,0.222,6.82,149.32257,0.16221,24.166,4236999936.0,3431500032.0,1018.3800048828125
SHW,The Sherwin-Williams Company,Specialty Chemicals,90203668480.0,0.007,10.57,33.88458,0.64452004,291.114,3137299968.0,1918649984.0,358.1600036621094
SPG,"Simon Property Group, Inc.",REIT - Retail,65279733760.0,0.049,7.53,23.088978,0.81232,780.789,3765860096.0,1973866496.0,173.86000061035156
SWKS,"Skyworks Solutions, Inc.",Semiconductors,14267370496.0,-0.159,3.69,24.054201,0.12777,15.691,1714099968.0,1140899968.0,88.76000213623047
SJM,The J. M. Smucker Company,Packaged Foods,11374806016.0,0.177,4.95,21.59394,0.10090999,111.438,1184400000.0,540987520.0,106.88999938964844
SW,Smurfit Westrock Plc,Packaging & Containers,27615082496.0,1.632,0.72,73.73611,,82.987,1312999936.0,,53.09000015258789
SNA,Snap-on Incorporated,Tools & Accessories,18641752064.0,-0.005,19.46,18.250257,0.20599002,23.352,1220899968.0,818550016.0,355.1499938964844
SOLV,Solventum Corporation,Health Information Services,12794382336.0,0.004,0.39,189.89743,0.09747,254.041,1512999936.0,1780499968.0,74.05999755859375
SO,The Southern Company,Utilities - Regulated Electric,91982331904.0,0.042,4.29,19.568764,0.12713,176.35,9427999744.0,498750016.0,83.94999694824219
LUV,Southwest Airlines Co.,Airlines,18417924096.0,0.053,0.76,40.407894,-0.00447,87.36,411000000.0,-1718249984.0,30.709999084472656
SWK,"Stanley Black & Decker, Inc.",Tools & Accessories,13577223168.0,-0.051,-1.24,,-0.02031,79.081,1197100032.0,1474375040.0,88.06999969482422
SBUX,Starbucks Corporation,Restaurants,122316939264.0,-0.032,3.1,34.735485,,,6095600128.0,2150099968.0,107.68000030517578
STT,State Street Corporation,Asset Management,29344403456.0,0.201,8.21,12.377588,0.0855,,-1598000000.0,,101.62000274658203
STLD,"Steel Dynamics, Inc.",Steel,19517806592.0,-0.054,9.85,13.015227,0.19703,40.575,2362270976.0,105506936.0,128.1999969482422
STE,STERIS plc,Medical Devices,21779765248.0,0.073,5.96,37.021812,0.092700005,36.303,1100518016.0,653338240.0,220.64999389648438
SYK,Stryker Corporation,Medical Devices,149166014464.0,0.119,7.75,50.489033,0.18868,79.443,3839000064.0,2775124992.0,391.2900085449219
SMCI,"Super Micro Computer, Inc.",Computer Hardware,16700313600.0,1.43,2.01,14.189055,0.32469,39.749,-2479437056.0,-2834003456.0,28.520000457763672
SYF,Synchrony Financial,Credit Services,26784935936.0,0.116,8.55,8.067837,0.21279,,9811999744.0,,68.9800033569336
SNPS,"Synopsys, Inc.",Software - Infrastructure,81227644928.0,0.127,9.25,56.808647,0.21819,8.7,1170272000.0,-144225504.0,525.47998046875
SYY,Sysco Corporation,Food Distribution,35674652672.0,0.044,3.9,18.697435,0.88346,599.732,2955000064.0,1988593024.0,72.91999816894531
TMUS,"T-Mobile US, Inc.",Telecom Services,266652794880.0,0.047,9.67,24.092037,0.16087,182.272,21603000320.0,9192125440.0,232.97000122070312
TROW,"T. Rowe Price Group, Inc.",Asset Management,25974831104.0,0.069,9.13,12.806133,0.20495,3.247,1810099968.0,1782687488.0,116.91999816894531
TTWO,"Take-Two Interactive Software, Inc.",Electronic Gaming & Multimedia,32580564992.0,0.041,-21.2,,-0.50913,70.922,-405300000.0,546150016.0,185.50999450683594
TPR,"Tapestry, Inc.",Luxury Goods,16997646336.0,-0.004,3.45,21.142029,0.29924,295.298,1299800064.0,990075008.0,72.94000244140625
TRGP,Targa Resources Corp.,Oil & Gas Midstream,42914799616.0,-0.012,5.53,35.587704,0.33885,321.534,3279500032.0,-344312512.0,196.8000030517578
TGT,Target Corporation,Discount Stores,63192018944.0,0.027,9.43,14.624602,0.33968,132.802,8561999872.0,3743624960.0,137.91000366210938
TEL,TE Connectivity plc,Electronic Components,44147294208.0,0.008,6.33,23.375988,0.26461,37.194,3476999936.0,2067250048.0,147.97000122070312
TDY,Teledyne Technologies Incorporated,Scientific & Technical Instruments,23829153792.0,0.029,17.23,29.676727,0.103140004,29.147,1023900032.0,860562496.0,511.3299865722656
TFX,Teleflex Incorporated,Medical Instruments & Supplies,8371012608.0,0.024,5.05,35.69109,0.05412,42.669,572124992.0,292785504.0,180.24000549316406
TER,"Teradyne, Inc.",Semiconductor Equipment & Materials,18857674752.0,0.048,3.32,34.876507,0.19206,2.738,638398976.0,386689120.0,115.79000091552734
TSLA,"Tesla, Inc.",Auto Manufacturers,1301403926528.0,0.078,2.02,200.29703,0.20389,18.078,14478999552.0,676625024.0,404.6000061035156
TXN,Texas Instruments Incorporated,Semiconductors,168404385792.0,-0.084,5.21,35.43378,0.29293,84.399,6243999744.0,-473624992.0,184.61000061035156
TPL,Texas Pacific Land Corporation,Oil & Gas E&P,29802352640.0,0.099,19.46,66.65828,0.445,0.091,475526016.0,190508368.0,1297.1700439453125
TXT,Textron Inc.,Aerospace & Defense,14193523712.0,0.025,4.34,17.629032,0.12597999,56.941,1116999936.0,656625024.0,76.51000213623047
TMO,Thermo Fisher Scientific Inc.,Diagnostics & Research,228639375360.0,0.002,16.56,36.096016,0.12944001,72.329,9100000256.0,6782374912.0,597.75
TJX,"The TJX Companies, Inc.",Apparel Retail,140283920384.0,0.056,4.24,29.431606,0.66199,162.567,6336999936.0,3528750080.0,124.79000091552734
TSCO,Tractor Supply Company,Specialty Retail,29038841856.0,0.016,2.04,26.64706,0.5058,233.038,1299716992.0,428472640.0,54.36000061035156
TT,Trane Technologies plc,Building Products & Equipment,81627455488.0,0.114,11.35,31.960352,0.35146,69.203,3180499968.0,2474449920.0,362.75
TDG,TransDigm Group Incorporated,Aerospace & Defense,75841175552.0,0.18,25.58,52.906174,,,2044999936.0,5857249792.0,1353.3399658203125
TRV,"The Travelers Companies, Inc.",Insurance - Property & Casualty,55557787648.0,0.119,21.48,11.414339,0.19059,29.004,9114000384.0,14567124992.0,245.17999267578125
TRMB,Trimble Inc.,Scientific & Technical Instruments,18424567808.0,-0.085,5.98,12.535117,0.28913,32.544,515200000.0,1087237504.0,74.95999908447266
TFC,Truist Financial Corporation,Banks - Regional,62665060352.0,0.061,-0.3,,-0.09505,,3764999936.0,,47.619998931884766
TYL,"Tyler Technologies, Inc.",Software - Application,25749350400.0,0.098,5.47,109.98904,0.077259995,19.597,547278016.0,537338368.0,601.6400146484375
TSN,"Tyson Foods, Inc.",Farm Products,20120213504.0,0.016,2.25,25.106667,0.044710003,52.863,2590000128.0,1419750016.0,56.4900016784668
USB,U.S. Bancorp,Banks - Regional,74536796160.0,-0.032,3.79,12.60686,0.09779,,6922999808.0,,47.779998779296875
UBER,"Uber Technologies, Inc.",Software - Application,140766707712.0,0.204,2.03,32.931034,0.34326,80.343,6209999872.0,3871000064.0,66.8499984741211
UDR,"UDR, Inc.",REIT - Residential,15680049152.0,0.006,0.38,109.84211,0.02841,131.116,855382976.0,701961280.0,41.7400016784668
ULTA,"Ulta Beauty, Inc.",Specialty Retail,19112425472.0,0.009,24.98,16.499199,0.54978,82.149,1406337024.0,719191232.0,412.1499938964844
UNP,Union Pacific Corporation,Railroads,150224420864.0,0.025,11.1,22.323421,0.43396,197.154,9079000064.0,4174625024.0,247.7899932861328
UAL,"United Airlines Holdings, Inc.",Airlines,34808233984.0,0.025,9.45,11.2,0.27245,291.676,6311000064.0,-1218749952.0,105.83999633789062
UPS,"United Parcel Service, Inc.",Integrated Freight & Logistics,97480458240.0,0.056,6.75,16.922964,0.31422,155.425,9217999872.0,4099375104.0,114.2300033569336
URI,"United Rentals, Inc.",Rental & Leasing Services,49506701312.0,0.06,38.66,19.608381,0.31401,167.987,4912000000.0,2587749888.0,758.0599975585938
UNH,UnitedHealth Group Incorporated,Healthcare Plans,499244859392.0,0.092,15.52,34.95425,0.15252,74.683,16641999872.0,-2398249984.0,542.489990234375
UHS,"Universal Health Services, Inc.",Medical Care Facilities,12438473728.0,0.112,15.03,12.545575,0.16341,76.373,1861095040.0,696929152.0,188.55999755859375
VLO,Valero Energy Corporation,Oil & Gas Refining & Marketing,42105802752.0,-0.152,8.58,15.501165,0.13797,38.593,6851999744.0,4791000064.0,133.0
VTR,"Ventas, Inc.",REIT - Healthcare Facilities,25346854912.0,0.08,-0.14,,-0.00543,136.679,1235068032.0,1040067392.0,60.41999816894531
VLTO,Veralto Corporation,Pollution & Treatment Controls,25569173504.0,0.047,3.24,31.910494,0.5368,143.52,853000000.0,844875008.0,103.38999938964844
VRSN,"VeriSign, Inc.",Software - Infrastructure,20661499904.0,0.038,8.58,25.058275,,,875299968.0,728124992.0,215.0
VRSK,"Verisk Analytics, Inc.",Consulting Services,40589692928.0,0.07,6.47,44.426586,2.65609,1069.413,1140999936.0,763787520.0,287.44000244140625
VZ,Verizon Communications Inc.,Telecom Services,165817319424.0,,4.14,9.514493,0.10431,182.615,35157000192.0,6670875136.0,39.38999938964844
VRTX,Vertex Pharmaceuticals Incorporated,Biotechnology,118895984640.0,0.116,-1.89,,-0.029849999,11.35,-842600000.0,3063387392.0,461.67999267578125
VTRS,Viatris Inc.,Drug Manufacturers - Specialty & Generic,13463695360.0,-0.048,-0.73,,-0.043449998,80.912,2288300032.0,4145687552.0,11.279999732971191
VICI,VICI Properties Inc.,REIT - Diversified,31382640640.0,0.067,2.7,11.025926,0.111899994,66.55,2313893120.0,169514624.0,29.770000457763672
V,Visa Inc.,Credit Services,659335610368.0,0.117,9.91,34.490414,0.50708,53.239,19950000128.0,13259249664.0,341.79998779296875
VST,Vistra Corp.,Utilities - Independent Power Producers,57168171008.0,0.539,5.31,31.644068,0.30168,183.15,4091000064.0,600000000.0,168.02999877929688
VMC,Vulcan Materials Company,Building Materials,36204523520.0,-0.083,6.39,42.902973,0.11133,49.475,1451100032.0,1276887552.0,274.1499938964844
WRB,W. R. Berkley Corporation,Insurance - Property & Casualty,22290688000.0,0.122,4.36,13.493119,0.20537001,36.284,3566411008.0,3352101376.0,58.83000183105469
GWW,"W.W. Grainger, Inc.",Industrial Distribution,51752243200.0,0.043,38.68,27.473372,0.52611,83.325,2287000064.0,1546249984.0,1062.6700439453125
WAB,Westinghouse Air Brake Technologies Corporation,Railroads,35739369472.0,0.044,6.01,34.595673,0.103690006,39.063,1796999936.0,1177624960.0,207.9199981689453
WBA,"Walgreens Boots Alliance, Inc.",Pharmaceutical Retailers,8883492864.0,0.06,-10.24,,-0.75969005,277.898,1018000000.0,2733374976.0,10.279999732971191
WMT,Walmart Inc.,Discount Stores,788557594624.0,0.048,2.42,40.561985,0.18531999,69.566,33881999360.0,7701374976.0,98.16000366210938
DIS,The Walt Disney Company,Entertainment,204464488448.0,0.037,2.72,41.566174,0.0546,45.188,13255000064.0,8273750016.0,113.05999755859375
WBD,"Warner Bros. Discovery, Inc.",Entertainment,25611091968.0,-0.036,-4.58,,-0.27295,111.154,6238000128.0,20279250944.0,10.4399995803833
WM,"Waste Management, Inc.",Waste Management,88404877312.0,0.079,6.81,32.343613,0.35025,208.894,5261000192.0,1359874944.0,220.25999450683594
WAT,Waters Corporation,Diagnostics & Research,24669624320.0,0.04,10.47,39.682903,0.4964,120.473,752105984.0,647210112.0,415.4800109863281
WEC,"WEC Energy Group, Inc.",Utilities - Regulated Electric,31401297920.0,-0.048,4.09,24.268948,0.105220005,155.836,3110000128.0,-623512512.0,99.26000213623047
WFC,Wells Fargo & Company,Banks - Diversified,259168485376.0,-0.018,5.37,14.674116,0.099139996,,12332999680.0,,78.80000305175781
WELL,Welltower Inc.,REIT - Healthcare Facilities,84984725504.0,0.288,1.57,86.92993,0.03417,52.153,2067710976.0,2384883712.0,136.47999572753906
WST,"West Pharmaceutical Services, Inc.",Medical Instruments & Supplies,24735868928.0,-0.001,6.73,50.75037,0.17778,11.188,702400000.0,201687504.0,341.54998779296875
WDC,Western Digital Corporation,Computer Hardware,22653775872.0,,3.46,18.823698,0.033239998,,366000000.0,-149000000.0,65.12999725341797
WY,Weyerhaeuser Company,REIT - Specialty,22225375232.0,-0.169,0.54,56.703705,0.052989997,51.335,1078000000.0,491624992.0,30.6200008392334
WMB,"The Williams Companies, Inc.",Oil & Gas Midstream,67569725440.0,0.045,2.36,23.48729,0.20583001,182.368,5568999936.0,1195124992.0,55.43000030517578
WTW,Willis Towers Watson Public Limited Company,Insurance Brokers,33195433984.0,0.057,-7.22,,-0.08361,79.115,1435000064.0,1030374976.0,329.57000732421875
WDAY,"Workday, Inc.",Software - Application,69707956224.0,0.167,6.08,43.101974,0.21080999,40.312,2388999936.0,2106953984.0,262.05999755859375
WYNN,"Wynn Resorts, Limited",Resorts & Casinos,9537432576.0,0.013,8.33,10.42617,,,1388504064.0,-627324032.0,86.8499984741211
XEL,Xcel Energy Inc.,Utilities - Regulated Electric,38589059072.0,-0.005,3.37,19.940653,0.10262,154.33,4951000064.0,-2487249920.0,67.19999694824219
XYL,Xylem Inc.,Specialty Industrial Machinery,30134896640.0,0.013,3.49,35.541546,0.08081,19.84,1143000064.0,822875008.0,124.04000091552734
YUM,"Yum! Brands, Inc.",Restaurants,36418895872.0,0.069,5.35,24.392525,,,1624000000.0,1158499968.0,130.5
ZBRA,Zebra Technologies Corporation,Communication Equipment,20216264704.0,0.313,7.37,53.18046,0.11873999,69.307,848000000.0,666750016.0,391.94000244140625
ZBH,"Zimmer Biomet Holdings, Inc.",Medical Devices,21794621440.0,0.04,5.24,20.893131,0.08713,53.611,1581500032.0,1221187456.0,109.4800033569336
ZTS,Zoetis Inc.,Drug Manufacturers - Specialty & Generic,77104095232.0,0.11,5.31,32.184555,0.47303,129.442,2944999936.0,1872249984.0,170.89999389648438
